date,product_id,brand,product_name,category,unit_price,lead_time_days,on_promo,units_sold
2026-07-01,P201,Sony,PlayStation 5 Pro,Electrical Appliance,59990.0,4,0,24
2026-07-02,P201,Sony,PlayStation 5 Pro,Electrical Appliance,59990.0,4,1,32
2026-07-03,P201,Sony,PlayStation 5 Pro,Electrical Appliance,59990.0,4,0,21
2026-07-04,P201,Sony,PlayStation 5 Pro,Electrical Appliance,59990.0,4,0,19
2026-07-05,P201,Sony,PlayStation 5 Pro,Electrical Appliance,59990.0,4,1,38
2026-07-01,P202,Samsung,Galaxy Z Fold 6,Smartphone,164999.0,6,0,14
2026-07-02,P202,Samsung,Galaxy Z Fold 6,Smartphone,164999.0,6,0,16
2026-07-03,P202,Samsung,Galaxy Z Fold 6,Smartphone,164999.0,6,1,28
2026-07-04,P202,Samsung,Galaxy Z Fold 6,Smartphone,164999.0,6,0,12
2026-07-05,P202,Samsung,Galaxy Z Fold 6,Smartphone,164999.0,6,0,15
2026-07-01,P203,Dyson,V15 Vacuum Cleaner,Electrical Appliance,62900.0,5,0,18
2026-07-02,P203,Dyson,V15 Vacuum Cleaner,Electrical Appliance,62900.0,5,1,26
2026-07-03,P203,Dyson,V15 Vacuum Cleaner,Electrical Appliance,62900.0,5,0,17
2026-07-04,P203,Dyson,V15 Vacuum Cleaner,Electrical Appliance,62900.0,5,0,19
2026-07-05,P203,Dyson,V15 Vacuum Cleaner,Electrical Appliance,62900.0,5,1,30
